22.06.2016,873.93,269.93,0,0,1855.6
23.06.2016,874.79,270.17,0,0,1858.2
24.06.2016,875.4,270.35,0,0,1862.1
25.06.2016,876.29,270.6,0,0,1873.8
26.06.2016,877.27,270.84,0,0,1883.6
27.06.2016,878,271.06,0,0,1890.1
28.06.2016,878.88,271.33,0,0,1892.7
29.06.2016,879.47,271.46,0,0,1894
30.06.2016,880.06,271.62,0,0,1896.7
01.07.2016,881.04,271.84,0,0,1899.3
02.07.2016,881.45,271.91,0,0,1901
03.07.2016,881.97,272.06,0,0,1910.4
04.07.2016,882.93,272.24,0,0,1914.6
05.07.2016,883.81,272.48,0,0,1915.8
06.07.2016,884.87,272.73,0,0,1918
07.07.2016,885.49,272.91,0,0,1919.6
08.07.2016,885.7,273,0,0,1920.5
09.07.2016,885.96,273.06,0,0,1921.4
10.07.2016,886.13,273.17,0,0,1922.3
11.07.2016,886.48,273.18,0,0,1923.2
12.07.2016,887.03,273.32,0,0,1927.1
13.07.2016,887.58,273.44,0,0,1935
14.07.2016,888.68,273.62,0,0,1944.4
15.07.2016,889,273.73,0,0,1947.7
16.07.2016,889.43,273.87,0.5,0.3,0.8
17.07.2016,889.73,273.94,1.1,0.7,1.8
18.07.2016,890.02,274,1.7,1.1,2.8
19.07.2016,891.25,274.31,3.9,1.5,5.4
20.07.2016,892.74,274.74,6.4,2,8.4
21.07.2016,893.79,274.79,10.8,2.5,13.3
22.07.2016,894.06,275.06,11.7,2.9,14.6
23.07.2016,895.03,275.32,14.8,3.2,18
24.07.2016,895.65,275.54,16.25,4.25,20.5
25.07.2016,896.26,275.75,17.7,5.3,23
26.07.2016,896.69,276,20.8,11.3,32.1
27.07.2016,897.32,276.21,24.7,12.5,37.2
28.07.2016,897.95,276.37,27,17.3,44.3
29.07.2016,898.65,276.53,36.5,17.8,54.3
30.07.2016,899.09,276.67,37.73,20.33,58.07
31.07.2016,899.53,276.8,38.97,22.87,61.83
01.08.2016,899.97,276.94,40.2,25.4,65.6
02.08.2016,900.87,277.18,42.8,26.3,69.1
03.08.2016,901.64,277.45,46.5,27.8,74.3
04.08.2016,902.18,277.6,48,28.1,76.1
05.08.2016,902.66,277.7,51.8,31.4,83.2
06.08.2016,903.21,277.82,56.5,31.8,88.3
07.08.2016,904.17,278.05,59,33.8,92.8
08.08.2016,905.23,278.44,66.5,34.3,100.8
09.08.2016,906.12,278.73,69.8,34.8,104.6
10.08.2016,906.48,278.91,71,35.3,106.3
11.08.2016,907.45,279.21,73.9,35.9,109.8
12.08.2016,908.1,279.44,75.5,36.2,111.7
13.08.2016,909.7,279.8,78.8,36.8,115.6
14.08.2016,910.6,280.16,81.1,37.2,118.3
15.08.2016,911.59,280.4,83,37.6,120.6
16.08.2016,912.35,280.57,83.6,38.1,121.7
17.08.2016,913.26,280.82,85.4,39.1,124.5
18.08.2016,913.95,281.02,86.8,39.4,126.2
19.08.2016,914.45,281.16,88.1,40.7,128.8
20.08.2016,915.14,281.43,89.64,41.16,130.8
21.08.2016,915.83,281.7,91.18,41.62,132.8
22.08.2016,916.51,281.97,92.72,42.08,134.8
23.08.2016,917.2,282.24,94.26,42.54,136.8
24.08.2016,917.89,282.51,95.8,43,138.8
25.08.2016,918.77,282.74,98.2,43.5,141.7
26.08.2016,919.16,282.79,99.08,43.76,142.84
27.08.2016,919.54,282.85,99.96,44.02,143.98
28.08.2016,919.93,282.9,100.84,44.28,145.12
29.08.2016,920.7,283.01,102.6,44.8,147.4
30.08.2016,921.86,283.43,103.7,45.8,149.5
31.08.2016,922.44,283.61,104.8,46.2,151
01.09.2016,923.33,283.87,108.2,46.8,155
02.09.2016,924.59,284.2,113.2,47.2,160.4
03.09.2016,925.93,284.48,119.8,50.1,169.9
04.09.2016,926.89,284.61,124.45,51.05,175.5
05.09.2016,927.84,284.74,129.1,52,181.1
06.09.2016,929.46,285.29,131,53.5,184.5
07.09.2016,930,285.48,133.9,54.2,188.1
08.09.2016,930.96,285.87,135.8,55.4,191.2
09.09.2016,931.92,286.41,138,56.6,194.6
10.09.2016,932.6,286.58,140.17,58.1,198.27
11.09.2016,933.28,286.76,142.33,59.6,201.93
12.09.2016,933.96,286.93,144.5,61.1,205.6
13.09.2016,934.95,287.13,146.9,61.7,208.6
14.09.2016,935.66,287.36,149,62.8,211.8
15.09.2016,936.17,287.5,149.7,63.1,212.8
16.09.2016,937.45,287.75,150.4,63.5,213.9
17.09.2016,937.88,287.82,151.2,63.8,215
18.09.2016,939.48,288.59,160.5,64.3,224.8
19.09.2016,941.19,289.03,162.7,65.2,227.9
20.09.2016,941.67,289.15,163.2,65.7,228.9
21.09.2016,942.5,289.34,164,66.2,230.2
22.09.2016,943.1,289.45,165,66.7,231.7
23.09.2016,943.94,289.62,166.1,67.5,233.6
24.09.2016,944.57,289.76,170.1,67.9,238
25.09.2016,945.72,289.99,171.6,68.3,239.9
26.09.2016,946.96,290.32,172.8,68.6,241.4
27.09.2016,947.59,290.47,174.7,68.9,243.6
28.09.2016,948.53,290.75,176.6,69.2,245.8
29.09.2016,949.01,290.88,179.2,69.6,248.8
30.09.2016,949.81,291.17,182.6,70.3,252.9
01.10.2016,950.32,291.28,183.9,70.65,254.55
02.10.2016,950.82,291.38,185.2,71,256.2
03.10.2016,952.81,291.91,190.4,71.5,261.9
04.10.2016,953.43,292.1,192.2,72.9,265.1
05.10.2016,954.06,292.25,194.8,73.2,268
06.10.2016,954.68,292.38,195.8,73.5,269.3
07.10.2016,955.69,292.59,196.7,75.2,271.9
08.10.2016,958.1,293.26,199.9,76.3,276.2
09.10.2016,959.94,293.75,201.8,76.7,278.5
10.10.2016,961.36,294.48,204.7,77.2,281.9
11.10.2016,962.1,294.63,211.2,80,291.2
12.10.2016,962.88,294.95,213.7,82.3,296
13.10.2016,963.81,295.12,215.2,82.7,297.9
14.10.2016,964.37,295.23,216.3,83.2,299.5
15.10.2016,965.48,295.58,219,83.9,302.9
17.10.2016,966.39,295.79,220.8,85.5,306.3
18.10.2016,967.12,296.02,224.9,85.8,310.7
19.10.2016,967.91,296.18,226.6,86.2,312.8
20.10.2016,968.69,296.38,230.3,86.9,317.2
21.10.2016,969.27,296.52,231.6,87.3,318.9
22.10.2016,969.91,296.67,233.4,88.2,321.6
23.10.2016,970.89,296.95,237.6,89.3,326.9
24.10.2016,971.51,297.11,240.3,89.6,329.9
25.10.2016,972.68,297.42,241.3,91,332.3
26.10.2016,973.18,297.5,242,91.4,333.4
27.10.2016,974.1,297.67,243.7,91.7,335.4
28.10.2016,974.94,297.93,245.5,94,339.5
29.10.2016,976.04,298.04,246.6,94.4,341
30.10.2016,976.98,298.31,250.7,94.7,345.4
31.10.2016,977.4,298.5,252.2,95,347.2
01.11.2016,978.52,298.74,253.3,95.4,348.7
02.11.2016,979.49,298.87,254.4,95.4,349.8
03.11.2016,980.47,299.01,255,96.1,351.1
04.11.2016,981.36,299.17,256,96.4,352.4
05.11.2016,982.09,299.33,256.87,96.67,353.53
06.11.2016,982.82,299.48,257.73,96.93,354.67
07.11.2016,983.55,299.64,258.6,97.2,355.8
08.11.2016,985.06,300.05,259.7,98.3,358
09.11.2016,985.86,300.22,260.8,100.9,361.7
10.11.2016,986.59,300.35,262,101.3,363.3
11.11.2016,987.29,300.5,263.2,101.6,364.8
12.11.2016,988.64,300.7,264.2,102,366.2
13.11.2016,989.12,300.84,265.1,102.65,367.75
14.11.2016,989.59,300.97,266,103.3,369.3
15.11.2016,990.69,301.22,267.4,105.3,372.7
16.11.2016,991.03,301.4,269,105.9,374.9
17.11.2016,991.63,301.58,270.3,106.4,376.7
18.11.2016,992.94,301.94,273.3,107.8,381.1
19.11.2016,993.65,302.3,276,108.3,384.3
20.11.2016,995.79,302.75,279,108.7,387.7
21.11.2016,996.16,302.88,279.6,109.1,388.7
22.11.2016,996.92,303.03,280.5,110.3,390.8
23.11.2016,997.86,303.26,283.2,111.2,394.4
24.11.2016,998.62,303.45,284.6,112.9,397.5
25.11.2016,999.56,303.65,285.6,114.4,400
26.11.2016,1001,304,289,114.9,403.9
27.11.2016,1001.65,304.59,293,115.4,408.4
28.11.2016,1003.02,305,294.7,115.9,410.6
29.11.2016,1003.77,305.22,295.9,117.1,413
30.11.2016,1004.93,305.49,298.4,118.1,416.5
01.12.2016,1005.77,305.68,302.1,118.4,420.5
02.12.2016,1006.52,305.92,305.7,119.3,425
03.12.2016,1007.24,306.06,306.4,119.6,426
04.12.2016,1007.96,306.18,307,120,427
05.12.2016,1009.74,306.62,309.4,120.3,429.7
06.12.2016,1010.29,306.84,311.7,121.4,433.1
07.12.2016,1011.81,307.07,314.9,121.6,436.5
08.12.2016,1012.38,307.2,316.8,121.9,438.7
09.12.2016,1013.48,307.39,318.5,122.2,440.7
10.12.2016,1013.91,307.48,319.9,122.4,442.3
11.12.2016,1014.88,307.82,322.8,123.4,446.2
12.12.2016,1016.47,308.08,326,125.5,451.5
13.12.2016,1017.1,308.2,328,127.7,455.7
14.12.2016,1017.92,308.35,329,128,457
15.12.2016,1019.46,308.59,330.5,128.2,458.7
16.12.2016,1019.68,308.66,331.1,128.6,459.7
17.12.2016,1020.45,308.88,333.5,130.1,463.6
18.12.2016,1021.21,309.1,335.9,131.6,467.5
19.12.2016,1022.8,309.41,339.3,132.1,471.4
20.12.2016,1023.73,309.6,341.4,132.3,473.7
21.12.2016,1024.74,309.87,342.7,133.1,475.8
22.12.2016,1025.56,310.06,344.3,133.8,478.1
23.12.2016,1026.41,310.21,346.5,134.1,480.6
24.12.2016,1027.38,310.53,348.1,135.5,483.6
25.12.2016,1028.56,310.85,350.7,135.8,486.5
26.12.2016,1031.3,311.39,354.8,138.2,493
27.12.2016,1032.21,311.69,359,139.1,498.1
28.12.2016,1034.26,312.17,362,139.4,501.4
29.12.2016,1035.32,312.45,365,139.6,504.6
30.12.2016,1035.52,312.48,365.3,139.9,505.2
31.12.2016,1035.61,312.51,365.81,140.16,505.97
01.01.2017,1035.71,312.55,366.32,140.42,506.74
02.01.2017,1035.8,312.58,366.82,140.68,507.51
03.01.2017,1035.9,312.62,367.33,140.95,508.28
04.01.2017,1035.99,312.65,367.84,141.21,509.05
05.01.2017,1036.08,312.69,368.35,141.47,509.82
06.01.2017,1036.18,312.72,368.85,141.73,510.58
07.01.2017,1036.27,312.76,369.36,141.99,511.35
08.01.2017,1036.36,312.79,369.87,142.25,512.12
09.01.2017,1036.46,312.83,370.38,142.52,512.89
10.01.2017,1036.55,312.86,370.88,142.78,513.66
11.01.2017,1036.65,312.9,371.39,143.04,514.43
12.01.2017,1036.74,312.93,371.9,143.3,515.2
13.01.2017,1038.36,313.24,373.2,145.6,518.8
14.01.2017,1039.18,313.55,376.1,146.7,522.8
15.01.2017,1039.81,313.74,377.6,147,524.6
16.01.2017,1041.51,314.04,380,147.3,527.3
17.01.2017,1041.92,314.13,381.2,147.7,528.9
18.01.2017,1043.43,314.45,382.3,148.2,530.5
19.01.2017,1044.71,314.73,383.3,148.6,531.9
20.01.2017,1046.08,314.99,385.3,149,534.3
21.01.2017,1046.64,315.09,386.3,149.8,536.1
22.01.2017,1047.75,315.35,388.4,150.3,538.7
23.01.2017,1048.53,315.49,389.3,150.9,540.2
24.01.2017,1049.42,315.83,391,151.9,542.9
25.01.2017,1050.83,316.13,392,152.3,544.3
26.01.2017,1051.55,316.26,394.8,152.6,547.4
27.01.2017,1052.46,316.4,396,153.2,549.2
28.01.2017,1054.2,316.83,398.4,153.5,551.9
29.01.2017,1055.32,317.2,399.6,154.9,554.5
30.01.2017,1057.41,317.74,403.8,155.4,559.2
31.01.2017,1058.33,317.91,404.8,156,560.8
01.02.2017,1060.17,318.25,406.1,156.3,562.4
02.02.2017,1060.57,318.42,409.4,157.1,566.5
03.02.2017,1061.42,318.58,410.2,157.4,567.6
04.02.2017,1062.25,318.76,410.87,158.27,569.13
05.02.2017,1063.07,318.94,411.53,159.13,570.67
06.02.2017,1063.9,319.12,412.2,160,572.2
07.02.2017,1064.97,319.42,415.8,161.5,577.3
08.02.2017,1065.45,319.57,416.6,162.3,578.9
09.02.2017,1066.22,319.75,417.3,162.7,580
10.02.2017,1066.9,319.92,421.3,163,584.3
11.02.2017,1067.83,320.15,423.9,164.8,588.7
12.02.2017,1068.08,320.2,424.5,165.2,589.7
13.02.2017,1068.94,320.61,428,166.9,594.9
14.02.2017,1070.2,321.06,430.8,168.7,599.5
15.02.2017,1070.83,321.26,431.5,169,600.5
16.02.2017,1071.36,321.4,433,171.3,604.3
17.02.2017,1071.95,321.58,435.1,171.5,606.6
18.02.2017,1072.4,321.66,436.2,171.8,608
19.02.2017,1072.86,321.75,437.3,172.1,609.4
20.02.2017,1073.31,321.83,438.4,172.4,610.8
21.02.2017,1073.74,321.83,440.7,172.6,613.3
22.02.2017,1074.51,322.12,441.7,174.2,615.9
23.02.2017,1075.58,322.36,443,175.1,618.1
24.02.2017,1075.93,322.44,444.4,176.5,620.9
25.02.2017,1076.58,322.7,448.9,177.4,626.3
26.02.2017,1078.08,323.14,451.7,178.9,630.6
27.02.2017,1079.65,323.46,453.3,180.5,633.8
28.02.2017,1080.43,323.61,455.4,180.9,636.3
01.03.2017,1080.97,323.73,457.7,181.1,638.8
02.03.2017,1081.7,323.94,459.1,182.8,641.9
03.03.2017,1082.4,324.11,460.5,183.7,644.2
04.03.2017,1083.32,324.3,461.5,185.3,646.8
05.03.2017,1084.32,324.6,463.3,185.9,649.2
06.03.2017,1085.48,324.92,467.2,186.5,653.7
07.03.2017,1086.4,325.09,468.9,186.8,655.7
08.03.2017,1086.93,325.28,472.6,187.2,659.8
09.03.2017,1087.76,325.6,474.5,189.5,664
10.03.2017,1088.35,325.7,477.8,189.8,667.6
11.03.2017,1088.92,325.93,478.9,190.6,669.5
12.03.2017,1089.36,326.26,480.7,192.4,673.1
13.03.2017,1090.86,326.62,483.1,194.2,677.3
14.03.2017,1091.69,326.84,485.3,196,681.3
15.03.2017,1092,327.03,486.5,198.8,685.3
16.03.2017,1092.96,327.27,487.9,199.2,687.1
17.03.2017,1093.39,327.35,488.5,199.5,688
18.03.2017,1093.71,327.47,489.2,200.9,690.1
19.03.2017,1094.09,327.63,491.6,201.4,693
20.03.2017,1095.3,327.96,495.5,201.7,697.2
21.03.2017,1095.93,328.12,497.6,202,699.6
22.03.2017,1096.49,328.19,499,202.3,701.3
23.03.2017,1097.07,328.4,499.9,203.8,703.7
24.03.2017,1097.99,328.6,502,204.1,706.1
25.03.2017,1098.28,328.65,502.65,204.35,707
26.03.2017,1098.57,328.7,503.3,204.6,707.9
27.03.2017,1099.57,329.08,505.7,207,712.7
28.03.2017,1100.25,329.28,507.8,208.5,716.3
29.03.2017,1100.81,329.43,508.8,210.1,718.9
30.03.2017,1101.85,329.64,510.1,210.4,720.5
31.03.2017,1102.58,329.82,510.8,210.7,721.5
01.04.2017,1102.98,329.91,512.28,211,723.28
02.04.2017,1103.37,330.01,513.75,211.3,725.05
03.04.2017,1103.52,329.94,513.9,211.6,725.5
04.04.2017,1104.16,330.19,516.7,211.9,728.6
05.04.2017,1105.02,330.46,518.9,212.6,731.5
06.04.2017,1105.44,330.57,520.9,212.9,733.8
07.04.2017,1106.17,330.78,522.2,213.3,735.5
08.04.2017,1106.58,330.83,523.23,213.5,736.73
09.04.2017,1107.04,330.89,524.27,213.7,737.97
10.04.2017,1107.39,330.94,525.3,213.9,739.2
11.04.2017,1107.97,331.21,526.8,214.8,741.6
12.04.2017,1109.27,331.55,530.9,215.1,746
13.04.2017,1109.89,331.7,533.1,216.5,749.6
14.04.2017,1110.69,331.94,537.4,217.8,755.2
15.04.2017,1111.09,332.04,538.33,218.27,756.6
16.04.2017,1111.48,332.14,539.27,218.73,758
17.04.2017,1111.88,332.24,540.2,219.2,759.4
18.04.2017,1111.9,332.49,541.7,221,762.7
19.04.2017,1113.43,332.62,542.6,221.3,763.9
20.04.2017,1114.53,332.88,545.3,221.6,766.9
21.04.2017,1115.05,333.1,548.1,223.1,771.2
22.04.2017,1115.45,333.17,548.73,223.73,772.47
23.04.2017,1115.86,333.25,549.37,224.37,773.73
24.04.2017,1116.26,333.32,550,225,775
25.04.2017,1117.42,333.51,551,225.4,776.4
26.04.2017,1119.16,333.78,553.8,225.7,779.5
27.04.2017,1119.61,333.89,554.7,225.9,780.6
28.04.2017,1120.23,334.1,559.8,226.2,786
29.04.2017,1120.69,334.3,564.5,226.5,791
30.04.2017,1121.32,334.44,565.05,227.25,792.3
01.05.2017,1121.94,334.57,565.6,228,793.6
02.05.2017,1122.57,334.71,566.15,228.75,794.9
03.05.2017,1123.19,334.84,566.7,229.5,796.2
04.05.2017,1123.97,335.25,570.3,231.9,802.2
05.05.2017,1124.63,335.39,574,232.3,806.3
06.05.2017,1126.96,335.8,578.2,233.5,811.7
07.05.2017,1127.11,335.85,579.36,233.6,812.96
08.05.2017,1127.26,335.9,580.52,233.7,814.22
09.05.2017,1127.42,335.95,581.68,233.8,815.48
10.05.2017,1127.57,336,582.84,233.9,816.74
11.05.2017,1127.72,336.05,584,234,818
12.05.2017,1128.39,336.21,589.1,234.2,823.3
13.05.2017,1128.83,336.31,590.47,234.43,824.9
14.05.2017,1129.28,336.4,591.83,234.67,826.5
15.05.2017,1129.72,336.5,593.2,234.9,828.1
16.05.2017,1130.55,336.9,595.7,235.2,830.9
17.05.2017,1131.89,337.53,597.4,237.7,835.1
18.05.2017,1133.04,337.82,598.3,238.2,836.5
19.05.2017,1133.55,337.92,598.9,238.4,837.3
20.05.2017,1133.98,338.04,599.6,238.7,838.3
21.05.2017,1135.71,338.53,604.3,240.2,844.5
22.05.2017,1136.85,338.93,608.3,240.5,848.8
23.05.2017,1137.52,339.2,610.7,242.4,853.1
24.05.2017,1138.23,339.35,611.7,242.8,854.5
25.05.2017,1138.73,339.45,612.4,244.3,856.7
26.05.2017,1139.76,339.84,613.1,244.7,857.8
27.05.2017,1140.06,339.93,613.7,245,858.7
28.05.2017,1140.48,340.01,614.2,245.25,859.45
29.05.2017,1140.9,340.09,614.7,245.5,860.2
30.05.2017,1141.47,340.27,615.5,246.6,862.1
31.05.2017,1142.6,340.52,617.3,248.8,866.1
01.06.2017,1142.88,340.62,618.1,249.1,867.2
02.06.2017,1143.45,340.73,619.55,249.4,868.95
03.06.2017,1144.01,340.84,621,249.7,870.7
04.06.2017,1144.58,340.94,622.45,250,872.45
05.06.2017,1145.14,341.05,623.9,250.3,874.2
06.06.2017,1145.49,341.12,624.6,251.2,875.8
07.06.2017,1145.95,341.24,625.3,251.5,876.8
08.06.2017,1146.45,341.4,626.3,251.7,878
09.06.2017,1146.87,341.5,626.9,252,878.9
10.06.2017,1149.05,342.08,631.2,253,884.2
11.06.2017,1149.76,342.37,635.6,253.4,889
12.06.2017,1151.74,342.9,637.6,254.6,892.2
13.06.2017,1152.28,343.1,638.3,255.6,893.9
14.06.2017,1152.85,343.25,638.9,257.1,896
15.06.2017,1153.33,343.38,639.8,257.4,897.2
16.06.2017,1154,343.6,640.6,257.8,898.4
17.06.2017,1155.26,343.84,641.7,258.1,899.8
18.06.2017,1155.6,343.9,642.5,258.3,900.8
19.06.2017,1156.86,344.22,643.6,260,903.6
20.06.2017,1157.91,344.52,645.3,261.5,906.8
21.06.2017,1158.71,344.72,647.3,261.9,909.2
22.06.2017,1159.48,344.89,648.1,262.3,910.4
23.06.2017,1160.64,345.18,649.4,262.9,912.3
24.06.2017,1160.98,345.29,650.5,263.2,913.7
25.06.2017,1161.8,345.51,652.05,264.25,916.3
26.06.2017,1162.61,345.73,653.6,265.3,918.9
27.06.2017,1163.09,345.91,656.2,268.4,924.6
28.06.2017,1163.76,346.05,657.13,269,926.13
29.06.2017,1164.44,346.2,658.07,269.6,927.67
30.06.2017,1165.11,346.34,659,270.2,929.2
01.07.2017,1166.32,346.76,660.59,270.6,931.19
02.07.2017,1167.93,347.27,663.3,271.4,934.7
03.07.2017,1169.11,347.54,664.5,271.7,936.2
04.07.2017,1169.74,347.71,665.6,272,937.6
05.07.2017,1170.4,347.96,666.6,273.6,940.2
06.07.2017,1171.39,348.26,668.2,278,946.2
07.07.2017,1172.27,348.57,673,278.9,951.9
08.07.2017,1174.22,349.28,676.1,279.3,955.4
09.07.2017,1174.22,349.28,676.59,279.56,956.14
10.07.2017,1174.22,349.28,677.07,279.81,956.89
11.07.2017,1174.22,349.29,677.56,280.07,957.63
12.07.2017,1174.22,349.29,678.04,280.33,958.37
13.07.2017,1174.22,349.29,678.53,280.59,959.11
14.07.2017,1174.22,349.29,679.01,280.84,959.86
15.07.2017,1174.22,349.3,679.5,281.1,960.6
16.07.2017,1174.22,349.3,679.99,281.36,961.34
17.07.2017,1174.22,349.3,680.47,281.61,962.09
18.07.2017,1174.22,349.3,680.96,281.87,962.83
19.07.2017,1174.22,349.3,681.44,282.13,963.57
20.07.2017,1174.22,349.31,681.93,282.39,964.31
21.07.2017,1174.22,349.31,682.41,282.64,965.06
22.07.2017,1174.22,349.31,682.9,282.9,965.8
23.07.2017,1175.78,350.03,685.4,284.2,969.6
24.07.2017,1176.97,350.52,692,288.5,980.5
25.07.2017,1178.06,350.92,693.8,291.5,985.3
26.07.2017,1178.7,351.13,695.7,292.5,988.2
27.07.2017,1179.23,351.46,698.5,293.8,992.3
28.07.2017,1179.74,351.65,701.7,294.1,995.8
29.07.2017,1179.99,351.8,702.5,295,997.5
30.07.2017,1181.04,352.41,707.9,295.5,1003.4
31.07.2017,1182.72,353.04,716.1,298.4,1014.5
01.08.2017,1183.73,353.39,718.6,301.8,1020.4
02.08.2017,1184.44,353.61,723.15,304.75,1027.9
03.08.2017,1185.15,353.82,727.7,307.7,1035.4
04.08.2017,1186.56,354.23,733.4,313.3,1046.7
05.08.2017,1187.14,354.44,739.9,313.6,1053.5
06.08.2017,1188.13,354.77,744.2,315.75,1059.95
07.08.2017,1189.11,355.1,748.5,317.9,1066.4
08.08.2017,1189.66,355.22,751.4,321.2,1072.6
09.08.2017,1190.19,355.41,752,321.5,1073.5
10.08.2017,1191.09,355.67,754.5,322.5,1077
11.08.2017,1191.37,355.74,756.1,326.9,1083
12.08.2017,1191.97,356.08,761,333.8,1094.8
13.08.2017,1192.39,356.26,768,338.9,1106.9
14.08.2017,1193.68,356.69,769.5,340.07,1109.57
15.08.2017,1194.17,356.87,770.3,341,1111.3
16.08.2017,1194.76,357.07,771.2,341.2,1112.4
17.08.2017,1196.08,357.46,772.3,341.6,1113.9
18.08.2017,1196.57,357.63,774,345.2,1119.2
19.08.2017,1197.84,358.12,783,346.7,1129.7
20.08.2017,1198.52,356.29,787.6,351.4,1139
21.08.2017,1199.24,356.56,789.2,351.7,1140.9
22.08.2017,1200.31,358.81,790.3,353.3,1143.6
23.08.2017,1200.93,358.97,791.1,353.5,1144.6
24.08.2017,1201.26,359.17,792.3,354.6,1146.9
25.08.2017,1202.05,359.43,793.2,356.2,1149.4
26.08.2017,1202.44,359.51,793.77,356.47,1150.23
27.08.2017,1202.83,359.58,794.33,356.73,1151.07
28.08.2017,1203.22,359.66,794.9,357,1151.9
29.08.2017,1204.14,360.01,795.9,357.3,1153.2
30.08.2017,1205.06,360.28,798.9,357.8,1156.7
31.08.2017,1205.62,360.51,799.6,357.6,1157.2
01.09.2017,1206.17,360.76,800.6,358.1,1158.7
02.09.2017,1206.58,360.92,802.8,358.3,1161.1
03.09.2017,1208.43,361.57,806.9,361.2,1168.1
04.09.2017,1209.39,361.99,813.7,363.4,1177.1
05.09.2017,1210.08,362.15,815,363.6,1178.6
06.09.2017,1210.48,362.31,818,364.4,1182.4
07.09.2017,1211.3,362.6,820.4,364.6,1185
08.09.2017,1211.58,362.69,821.1,364.8,1185.9
09.09.2017,1212.53,363.08,824.1,366.8,1190.9
10.09.2017,1212.77,363.12,824.55,367,1191.55
11.09.2017,1213,363.16,825,367.2,1192.2
12.09.2017,1213.43,363.32,826.1,367.5,1193.6
13.09.2017,1213.91,363.53,829.3,368.4,1197.7
14.09.2017,1214.29,363.7,830.6,369.8,1200.4
15.09.2017,1214.61,363.74,831.2,370.03,1201.23
16.09.2017,1214.93,363.79,831.8,370.25,1202.05
17.09.2017,1215.25,363.83,832.4,370.48,1202.88
18.09.2017,1215.57,363.87,833,370.7,1203.7
19.09.2017,1215.98,369.11,836.4,370.9,1207.3
20.09.2017,1216.66,364.5,840,373.1,1213.1
21.09.2017,1217.77,365.01,850.1,377.9,1228
22.09.2017,1218.69,365.22,852,377.9,1229.9
23.09.2017,1219.02,365.36,853,379.4,1232.4
24.09.2017,1219.38,365.62,855.6,379.7,1235.3
25.09.2017,1220.57,366.08,860,381.4,1241.4
26.09.2017,1221.17,366.23,861.2,382.8,1244
27.09.2017,1221.84,366.49,863.7,383.1,1246.8
28.09.2017,1222.59,366.79,865.5,383.4,1248.9
29.09.2017,1223.23,366.98,866.9,385,1251.9
30.09.2017,1224.08,367.31,867.4,386.5,1253.9
01.10.2017,1225.74,367.84,874.4,392.5,1266.9
02.10.2017,1226.41,368.02,875.4,392.8,1268.2
03.10.2017,1227.46,368.27,881.1,397,1278.1
04.10.2017,1228.11,368.37,884.6,399.9,1284.5
05.10.2017,1228.74,368.61,886.9,401.3,1288.2
06.10.2017,1229.2,368.76,890.8,403.1,1293.9
07.10.2017,1229.62,368.94,897.7,403.4,1301.1
08.10.2017,1230.48,369.24,903.2,406.6,1309.8
09.10.2017,1231.46,369.58,907,408.1,1315.1
10.10.2017,1231.94,369.76,908.8,409.6,1318.4
11.10.2017,1232.71,370.6,911.2,412.2,1323.4
12.10.2017,1233.01,370.17,911.9,412.4,1324.3
13.10.2017,1233.41,370.33,914.2,416.4,1330.6
14.10.2017,1234.61,370.69,916.7,418.1,1334.8
15.10.2017,1235.2,370.92,918.4,418.4,1336.8
16.10.2017,1235.71,371.14,920.2,421.8,1342
17.10.2017,1236.4,371.4,926.3,425.3,1351.6
18.10.2017,1237.21,371.62,928.2,429.8,1358
19.10.2017,1237.59,371.73,931.7,431.4,1363.1
20.10.2017,1238.03,371.87,933.8,432.9,1366.7
21.10.2017,1238.3,372.01,935.7,433.3,1369
22.10.2017,1239.15,372.25,937.3,436,1373.3
23.10.2017,1240.08,372.6,940.5,436.9,1377.4
24.10.2017,1240.65,372.83,944.1,438.2,1382.3
25.10.2017,1240.93,372.84,944.9,438.5,1383.4
26.10.2017,1241.68,373.04,945.8,438.7,1384.5
27.10.2017,1241.91,373.08,946.3,439,1385.3
28.10.2017,1242.51,373.22,947.35,439.25,1386.6
29.10.2017,1243.11,373.36,948.4,439.5,1387.9
30.10.2017,1243.34,373.45,949.4,439.75,1389.15
31.10.2017,1243.57,373.53,950.4,440,1390.4
01.11.2017,1243.84,373.57,951.9,440.2,1392.1
02.11.2017,1244.1,373.6,953.4,440.4,1393.8
03.11.2017,1244.28,373.76,954.4,440.9,1395.3
04.11.2017,1244.53,373.87,956.3,441.3,1397.6
05.11.2017,1247.22,374.95,963.2,441.6,1404.8
06.11.2017,1248.49,375.38,967.3,441.9,1409.2
07.11.2017,1249.02,375.62,970.4,443.8,1414.2
08.11.2017,1249.39,375.88,973.6,445.8,1419.4
09.11.2017,1249.87,376.04,975.9,446.1,1422
10.11.2017,1250.92,376.32,976.8,446.1,1422.9
11.11.2017,1251.29,376.42,977.5,446.7,1424.2
12.11.2017,1252.14,376.8,981.3,448.8,1430.1
13.11.2017,1253.91,377.4,985.3,449.8,1435.1
14.11.2017,1254.43,377.65,987.8,451.3,1439.1
15.11.2017,1255.15,377.89,988.7,451.6,1440.3
16.11.2017,1256.02,378.1,991.8,452.2,1444
17.11.2017,1256.47,378.26,993,452.6,1445.6
18.11.2017,1257.09,378.39,993.9,453.33,1447.23
19.11.2017,1257.71,378.51,994.8,454.07,1448.87
20.11.2017,1258.33,378.64,995.7,454.8,1450.5
21.11.2017,1258.92,378.96,999.3,457.1,1456.4
22.11.2017,1259.68,379.2,1000.5,458.4,1458.9
23.11.2017,1260.11,379.2,1002.7,458.7,1461.4
24.11.2017,1260.43,379.48,1003.4,459,1462.4
25.11.2017,1260.85,379.61,1004.4,460.5,1464.9
26.11.2017,1262.74,380.37,1007.4,461.5,1468.9
27.11.2017,1263.72,380.7,1012.4,463.2,1475.6
28.11.2017,1264.2,380.83,1013.3,463.5,1476.8
29.11.2017,1264.62,380.98,1016,463.8,1479.8
30.11.2017,1265.74,381.35,1020.2,464.7,1484.9
01.12.2017,1266.2,381.52,1021.9,466.2,1488.1
02.12.2017,1266.87,381.87,1026.4,466.5,1492.9
03.12.2017,1268.07,382.25,1029.3,467.1,1496.4
04.12.2017,1270.48,382.81,1034.2,467.4,1501.6
05.12.2017,1271.98,383.15,1036.7,467.7,1504.4
06.12.2017,1272.31,383.26,1038.7,468,1506.7
07.12.2017,1273.48,383.58,1040.9,468.3,1509.2
08.12.2017,1274.59,383.74,1042.3,468.5,1510.8
09.12.2017,1275.7,384.12,1046.3,469,1515.3
10.12.2017,1277.07,384.56,1049.7,470.2,1519.9
11.12.2017,1277.88,384.81,1051.2,472.1,1523.3
12.12.2017,1278.17,384.87,1052.1,472.6,1524.7
13.12.2017,1278.81,385.03,1054.6,473.1,1527.7
14.12.2017,1279,385.34,1057.1,473.4,1530.5
15.12.2017,1281.33,385.68,1060.6,473.9,1534.5
16.12.2017,1281.93,385.98,1065.6,474.2,1539.8
17.12.2017,1282.73,386.21,1068.9,474.6,1543.5
18.12.2017,1284.12,386.69,1074.3,475.15,1549.45
19.12.2017,1285.5,387.17,1079.7,475.7,1555.4
20.12.2017,1285.92,387.2,1080.4,476.3,1556.7
21.12.2017,1286.72,387.53,1086.6,477.1,1563.7
22.12.2017,1287.2,387.73,1088.8,478.8,1567.6
23.12.2017,1287.99,388.03,1091.5,480.4,1571.9
24.12.2017,1288.94,388.21,1092.5,480.78,1573.28
25.12.2017,1289.89,388.39,1093.5,481.16,1574.66
26.12.2017,1290.85,388.57,1094.5,481.54,1576.04
27.12.2017,1291.8,388.75,1095.5,481.92,1577.42
28.12.2017,1292.75,388.93,1096.5,482.3,1578.8
29.12.2017,1294.43,389.46,1099.7,483.9,1583.6
30.12.2017,1296.44,390.33,1105.7,486.3,1592
31.12.2017,1297.37,390.77,1107.3,489,1596.3
01.01.2018,1298.99,391.35,1111.3,490.4,1601.7
02.01.2018,1299.9,391.7,1115.6,492.1,1607.7
03.01.2018,1300.24,391.89,1117.3,492.4,1609.7
04.01.2018,1300.84,392,1118.7,494,1612.7
05.01.2018,1301.33,392.12,1119.6,494.3,1613.9
06.01.2018,1301.58,392.18,1120.58,494.6,1615.18
07.01.2018,1301.83,392.25,1121.55,494.9,1616.45
08.01.2018,1302.08,392.31,1122.53,495.2,1617.73
09.01.2018,1302.33,392.37,1123.5,495.5,1619
10.01.2018,1302.58,392.44,1124.2,495.8,1620
11.01.2018,1303.02,392.66,1125.8,497,1622.8
12.01.2018,1303.72,392.76,1126.7,497.9,1624.6
13.01.2018,1305.19,393.17,1128,499.8,1627.8
14.01.2018,1306.45,393.67,1131.9,502.3,1634.2
15.01.2018,1306.99,393.93,1133.33,504,1637.33
16.01.2018,1308.46,394.46,1135.1,506.9,1642
17.01.2018,1309.02,394.81,1139.2,508.6,1647.8
18.01.2018,1309.54,395.05,1140.3,511.6,1651.9
19.01.2018,1310.33,395.24,1141.6,513.2,1654.8
20.01.2018,1311.12,395.44,1142.9,513.5,1656.4
21.01.2018,1312.03,395.78,1145,515.6,1660.6
22.01.2018,1313.15,396.2,1147,517.8,1664.8
23.01.2018,1314.54,396.6,1149.3,519.1,1668.4
24.01.2018,1314.97,396.76,1153.4,519.6,1673
25.01.2018,1315.66,396.95,1155.3,520.3,1675.6
26.01.2018,1316.99,397.35,1158.5,522,1680.5
27.01.2018,1317.6,397.49,1159.8,522.4,1682.2
28.01.2018,1318.12,397.63,1162.4,524,1686.4
29.01.2018,1318.76,397.75,1163.7,524.4,1688.1
30.01.2018,1319.18,397.81,1164.5,524.7,1689.2
31.01.2018,1319.53,397.87,1165.3,525.1,1690.4
01.02.2018,1320.56,397.99,1166.6,525.6,1692.2
02.02.2018,1321.03,398.19,1167.6,528.2,1695.8
03.02.2018,1312.46,398.3,1169.9,529.3,1699.2
04.02.2018,1321.71,398.44,1173.1,529.7,1702.8
05.02.2018,1322.24,398.55,1173.9,530.3,1704.2
06.02.2018,1322.64,398.64,1177.1,530.8,1707.9
07.02.2018,1323.23,398.77,1178.6,532.3,1710.9
08.02.2018,1324.27,399.1,1182.1,533.7,1715.8
09.02.2018,1324.89,399.31,1184.2,534,1718.2
10.02.2018,1325.11,399.38,1186.2,534.5,1720.7
11.02.2018,1325.75,399.5,1188.4,535,1723.4
12.02.2018,1326.29,399.66,1190.3,535.4,1725.7
13.02.2018,1327.14,399.83,1192.2,537.2,1729.4
14.02.2018,1328.39,400.26,1194.6,538.9,1733.5
15.02.2018,1329.19,400.5,1197.2,539.3,1736.5
16.02.2018,1329.85,400.75,1198.2,540.5,1738.7
17.02.2018,1330.74,401.14,1202.1,542.9,1745
18.02.2018,1332.43,401.76,1206.1,544.2,1750.3
19.02.2018,1333.46,402.24,1209.7,545.7,1755.4
20.02.2018,1334.25,402.6,1212.9,548.9,1761.8
21.02.2018,1334.89,402.91,1216.7,549.2,1765.9
22.02.2018,1335.73,403.71,1219.8,550,1769.8
23.02.2018,1336.71,403.52,1222.4,551.7,1774.1
24.02.2018,1337.19,403.77,1227,552.3,1779.3
25.02.2018,1337.78,404.14,1230,554.3,1784.3
26.02.2018,1339.28,404.72,1235.5,556.2,1791.7
27.02.2018,1340.02,404.99,1239.4,557.5,1796.9
28.02.2018,1340.85,405.43,1244.9,559.8,1804.7
01.03.2018,1342.35,405.85,1248.2,560.3,1808.5
02.03.2018,1343.19,406.12,1250.5,560.6,1811.1
03.03.2018,1343.82,406.47,1254.3,562.9,1817.2
04.03.2018,1344.68,406.77,1257.7,563.2,1820.9
05.03.2018,1345.62,407.08,1259.9,563.7,1823.6
06.03.2018,1346.55,407.43,1262,566,1828
07.03.2018,1347.4,407.7,1264.5,566.4,1830.9
08.03.2018,1348.5,408.1,1266.9,567.3,1834.2
09.03.2018,1345.11,408.28,1269.8,567.8,1837.6
10.03.2018,1349.96,408.54,1271.5,569.4,1840.9
11.03.2018,1350.93,408.8,1274.7,569.7,1844.4
12.03.2018,1352.31,409.19,1277.2,570.7,1847.9
13.03.2018,1353.53,409.49,1280.5,571.2,1851.7
14.03.2018,1354.51,409.87,1283.3,572.4,1855.7
15.03.2018,1356.01,410.26,1284.7,574.1,1858.8
16.03.2018,1357.8,410.89,1284.7,574.5,1859.2
17.03.2018,1358.57,411.19,1295.2,576.5,1871.7
18.03.2018,1359.03,411.38,1295.7,576.9,1872.6
19.03.2018,1359.77,411.63,1299.4,577.2,1876.6
20.03.2018,1361.01,411.98,1302.5,579,1881.5
21.03.2018,1362.19,412.3,1303.8,579.4,1883.2
22.03.2018,1363.02,412.55,1306.3,581,1887.3
23.03.2018,1364.47,412.88,1308.2,581.3,1889.5
24.03.2018,1365.1,413.13,1311.2,582.5,1893.7
25.03.2018,1365.91,413.47,1313.4,583.4,1896.8
26.03.2018,1366.37,413.58,1316.4,585,1901.4
27.03.2018,1367.05,413.76,1317.4,585.3,1902.7
28.03.2018,1368.46,414.18,1321.4,587.7,1909.1
29.03.2018,1369.14,414.18,1323,588.1,1911.1
30.03.2018,1369.68,419.59,1325.2,590.8,1916
31.03.2018,1370.04,414.69,1326.2,591.1,1917.3
01.04.2018,1370.92,414.83,1329.4,591.5,1920.9
02.04.2018,1372.12,415.33,1332.8,593.2,1926
03.04.2018,1373.24,415.56,1335.8,594.4,1930.2
04.04.2018,1373.7,415.77,1338.2,596.8,1935
05.04.2018,1374.93,416.1,1339.4,598.4,1937.8
06.04.2018,1375.74,416.28,1341.9,598.8,1940.7
07.04.2018,1376.3,416.47,1343,599.1,1942.1
08.04.2018,1377.41,416.9,1345.2,603,1948.2
09.04.2018,1377.84,417.5,1346.5,604.4,1950.9
10.04.2018,1379.38,417.73,1347.9,606.7,1954.6
11.04.2018,1380.86,418.17,1350.8,607.7,1958.5
12.04.2018,1381.64,418.39,1352.3,609.2,1961.5
13.04.2018,1382.13,418.53,1353.3,609.5,1962.8
14.04.2018,1383.52,419.04,1356.2,610.8,1967
15.04.2018,1384.99,419.37,1358.5,611.1,1969.6
16.04.2018,1385.41,419.63,1362.3,612.4,1974.7
17.04.2018,1386.45,419.88,1363.4,613,1976.4
18.04.2018,1387.47,420.22,1364.9,614.7,1979.6
19.04.2018,1388.96,420.6,1366.9,615,1981.9
20.04.2018,1389.71,420.79,1368.3,615.3,1983.6
21.04.2018,1390.35,420.94,1369.7,617.1,1986.8
22.04.2018,1391.54,421.25,1370.7,617.4,1988.1
23.04.2018,1391.97,421.42,1372.6,618.3,1990.9
24.04.2018,1392.56,421.56,1374.6,618.6,1993.2
25.04.2018,1392.79,421.62,1375.2,619,1994.2
26.04.2018,1393.1,421.78,1375.9,620,1995.9
27.04.2018,1393.93,422.07,1378.5,621.5,2000
28.04.2018,1395.17,422.53,1385.5,623,2008.5
29.04.2018,1395.71,422.66,1386.23,623.88,2010.1
30.04.2018,1396.25,422.78,1386.95,624.75,2011.7
01.05.2018,1396.79,422.91,1387.68,625.63,2013.3
02.05.2018,1397.33,423.03,1388.4,626.5,2014.9
03.05.2018,1398.6,423.37,1390.3,626.65,2016.95
04.05.2018,1399.87,423.7,1392.2,626.8,2019
05.05.2018,1400.82,424.04,1394.4,628.4,2022.8
06.05.2018,1402.32,424.42,1402,628.7,2030.7
07.05.2018,1402.94,424.62,1404.3,629,2033.3
08.05.2018,1403.85,424.95,1408.9,629.3,2038.2
09.05.2018,1405,425.39,1412.8,631.8,2044.6
10.05.2018,1406.56,425.79,1416.5,632.2,2048.7
11.05.2018,1407.59,426.13,1419.2,632.5,2051.7
12.05.2018,1408.88,426.43,1424.7,633.8,2058.5
13.05.2018,1410.27,426.79,1425.9,634.2,2060.1
14.05.2018,1411.55,427.13,1426.9,635.3,2062.2
15.05.2018,1413.61,427.62,1430,635.6,2065.6
16.05.2018,1415.4,428.01,1431.4,636.1,2067.5
17.05.2018,1416.53,428.34,1432.6,637.3,2069.9
18.05.2018,1417.83,428.71,1434.8,637.7,2072.5
19.05.2018,1418.87,429.04,1436.6,638,2074.6
20.05.2018,1420.11,429.43,1440.6,638.3,2078.9
21.05.2018,1420.9,429.65,1442.1,639.6,2081.7
22.05.2018,1422.44,430.08,1444.6,640,2084.6
23.05.2018,1423.24,430.28,1447.4,640.4,2087.8
24.05.2018,1424.55,430.68,1449.5,641.3,2090.8
25.05.2018,1425.56,431.05,1451.6,643.4,2095
26.05.2018,1426.97,431.53,1458.9,643.8,2102.7
27.05.2018,1427.43,431.69,1459.7,645.8,2105.5
28.05.2018,1429.02,432.18,1463.2,646.1,2109.3
29.05.2018,1430.4,432.61,1467.1,646.6,2113.7
30.05.2018,1430.88,432.71,1467.8,647.67,2115.47
31.05.2018,1431.36,432.82,1468.5,648.73,2117.23
01.06.2018,1431.84,432.92,1469.2,649.8,2119
02.06.2018,1433.25,433.31,1471.6,652.4,2124
03.06.2018,1433.63,433.51,1473.1,653.7,2126.8
04.06.2018,1435.76,434.4,1477.4,654.1,2131.5
05.06.2018,1436.71,434.55,1478.3,655.5,2133.8
06.06.2018,1437.91,434.93,1481.5,655.9,2137.4
07.06.2018,1439.75,435.56,1483.3,657,2140.3
08.06.2018,1440.82,435.93,1485.5,657.6,2143.1
09.06.2018,1442.59,436.5,1490.7,659.8,2150.5
10.06.2018,1444.12,437.04,1500.8,661.1,2161.9
11.06.2018,1445.59,437.49,1503.5,661.5,2165
12.06.2018,1447.2,438.07,1507.6,662.2,2169.8
13.06.2018,1448.51,438.57,1510,662.8,2172.8
14.06.2018,1449.57,438.95,1511.6,664.8,2176.4
15.06.2018,1451.17,439.41,1515.2,665.2,2180.4
16.06.2018,1452.35,439.87,1519.2,665.8,2185
17.06.2018,1453.44,440.12,1520.7,666.3,2187
18.06.2018,1454.26,440.36,1523.1,666.7,2189.8
19.06.2018,1455.49,440.8,1525,667.9,2192.9
20.06.2018,1456.3,441.05,1527.6,671.2,2198.8
21.06.2018,1457.31,441.5,1531.3,672.3,2203.6
22.06.2018,1457.81,441.7,1536,673.4,2209.4
23.06.2018,1458.7,441.97,1537.25,674.3,2213.7
24.06.2018,1459.59,442.24,1538.5,675.2,4430.7
25.06.2018,1461.27,442.74,1541.4,675.6,4437
26.06.2018,1462.37,443.09,1543,677,2220
27.06.2018,1463.19,443.29,1547,680.3,2227.3
28.06.2018,1463.61,443.5,1548,681.3,2229.3
29.06.2018,1465.14,443.91,1549.7,681.9,2231.6
30.06.2018,1465.25,443.96,1550.28,682.21,2232.49
01.07.2018,1465.35,444,1550.86,682.52,2233.38
02.07.2018,1465.46,444.05,1551.44,682.83,2234.27
03.07.2018,1465.56,444.1,1552.02,683.14,2235.16
04.07.2018,1465.67,444.15,1552.6,683.45,2236.05
05.07.2018,1465.78,444.19,1553.18,683.76,2236.94
06.07.2018,1465.88,444.24,1553.76,684.07,2237.83
07.07.2018,1465.99,444.29,1554.34,684.38,2238.72
08.07.2018,1466.09,444.33,1554.92,684.69,2239.61
09.07.2018,1466.2,444.38,1555.5,685,2240.5
10.07.2018,1466.97,444.72,1559,687.4,2246.4
11.07.2018,1468.1,445.13,1561,691.6,2252.6
12.07.2018,1469.3,445.56,1568.2,695.9,2264.1
13.07.2018,1470.23,445.81,1570.8,699.7,2270.5
14.07.2018,1470.5,445.87,1571.4,700.3,2271.7
15.07.2018,1472.1,446.35,1573.6,701.9,2275.5
16.07.2018,1473.11,446.66,1574.9,703.6,2278.5
17.07.2018,1474.31,447.04,1578,705.6,2283.6
18.07.2018,1475.29,447.35,1579.8,705.9,2285.7
19.07.2018,1476.1,447.57,1584.2,707.7,2291.9
20.07.2018,1477.12,447.87,1585.15,708.45,2293.6
21.07.2018,1478.14,448.17,1586.1,709.2,2295.3
22.07.2018,1478.79,448.44,1588.7,712.8,2301.5
23.07.2018,1480.21,448.91,1592.6,716.4,2309
24.07.2018,1481.39,449.11,1596.1,717.6,2313.7
25.07.2018,1482.45,449.48,1599.3,720.1,2319.4
26.07.2018,1483.87,449.86,1604.8,723.7,2328.5
27.07.2018,1484.57,450,1606.5,725.9,2332.4
28.07.2018,1485.65,450.36,1612.1,729.5,2341.6
29.07.2018,1485.98,450.49,1615.4,732.4,2347.8
30.07.2018,1487.26,450.93,1621.8,736.5,2358.3
31.07.2018,1488.3,451.24,1625.7,739.4,2365.1
01.08.2018,1489.37,451.56,1629.8,741.6,2371.4
02.08.2018,1489.65,451.76,1632.1,745.8,2377.9
03.08.2018,1490.94,452.15,1636.9,748.9,2385.8
04.08.2018,1491.61,452.35,1639.3,753.9,2393.2
05.08.2018,1492.11,452.52,1644.75,755.9,2400.65
06.08.2018,1492.61,452.69,1650.2,757.9,2408.1
07.08.2018,1493.4,452.92,1654.6,761.7,2416.3
08.08.2018,1494.57,453.29,1656.9,765,2421.9
09.08.2018,1495.48,453.63,1658.7,769.5,2428.2
10.08.2018,1496.12,453.81,1667.6,772.9,2440.5
11.08.2018,1496.56,453.94,1670.33,774.4,2444.73
12.08.2018,1496.99,454.08,1673.07,775.9,2448.97
13.08.2018,1497.43,454.21,1675.8,777.4,2453.2
14.08.2018,1498.26,454.47,1682,781.4,2463.4
15.08.2018,1498.96,454.73,1693.2,784.9,2478.1
16.08.2018,1500.12,455.31,1695.1,788.9,2484
17.08.2018,1501.77,455.85,1698,791.3,2489.3
18.08.2018,1502.28,456.03,1700.4,793.25,2493.65
19.08.2018,1502.79,456.2,1702.8,795.2,2498
20.08.2018,1504.2,456.68,1709.2,797.2,2506.4
21.08.2018,1505.04,456.82,1715.6,799.4,2515
22.08.2018,1506.09,457.16,1722.6,802.4,2525
23.08.2018,1506.9,457.51,1731.7,805,2536.7
24.08.2018,1507.28,457.58,1732.53,805.33,2537.85
25.08.2018,1507.67,457.65,1733.35,805.65,2539
26.08.2018,1508.05,457.71,1734.18,805.98,2540.15
27.08.2018,1508.43,457.78,1735,806.3,2541.3
28.08.2018,1509.91,458.19,1737.4,808.7,2546.1
29.08.2018,1511.03,458.65,1740.1,809.7,2549.8
30.08.2018,1511.79,458.85,1744.5,810,2554.5
31.08.2018,1512.18,458.99,1745.7,810.3,2556
01.09.2018,1512.63,459.1,1746.6,811.8,2558.4
02.09.2018,1513.48,459.34,1750.7,814,2564.7
03.09.2018,1513.83,459.57,1757,814.4,2571.4
04.09.2018,1516.26,460.15,1763.8,815,2578.8
05.09.2018,1516.89,460.36,1770.55,817.05,2587.6
06.09.2018,1517.52,460.56,1777.3,819.1,2596.4
07.09.2018,1518.03,460.7,1779.6,819.4,2599
08.09.2018,1518.53,460.83,1781.9,819.7,2601.6
09.09.2018,1519.04,460.97,1784.2,820,2604.2
10.09.2018,1519.54,461.1,1786.5,820.3,2606.8
11.09.2018,1520.13,461.38,1789.4,824.6,2614
12.09.2018,1521.04,461.65,1791.2,826.1,2617.3
13.09.2018,1521.52,461.93,1795.2,828.7,2623.9
14.09.2018,1522.21,462.15,1798.1,829,2627.1
15.09.2018,1523.07,462.43,1800.7,830.7,2631.4
16.09.2018,1523.37,462.46,1801.4,830.96,2632.36
17.09.2018,1523.68,462.49,1802.1,831.21,2633.31
18.09.2018,1523.98,462.52,1802.8,831.47,2634.27
19.09.2018,1524.28,462.55,1803.5,831.72,2635.22
20.09.2018,1524.59,462.58,1804.2,831.98,2636.18
21.09.2018,1524.89,462.61,1804.9,832.23,2637.13
22.09.2018,1525.19,462.64,1805.6,832.49,2638.09
23.09.2018,1525.5,462.67,1806.3,832.74,2639.04
24.09.2018,1525.8,462.7,1807,833,2640
25.09.2018,1528.14,462.93,1811.11,833.4,2644.51
26.09.2018,1527.01,463.15,1815.2,833.7,2648.9
27.09.2018,1528.08,463.7,1819.5,836,2655.5
28.09.2018,1528.52,463.85,1821,836.3,2657.3
29.09.2018,1528.91,464.08,1822.3,837.4,2659.7
30.09.2018,1529.67,464.39,1826.95,840.6,2667.55
01.10.2018,1530.42,464.7,1831.6,843.8,2675.4
02.10.2018,1531.08,465.02,1836.9,845.6,2682.5
03.10.2018,1531.88,465.13,1838.8,846,2684.8
04.10.2018,1532.83,465.48,1843.5,847.6,2691.1
05.10.2018,1533.11,465.56,1850,850,2700
06.10.2018,1533.4,465.71,1853.3,852.5,2705.8
07.10.2018,1534.06,465.89,1854.4,856.3,2710.7
08.10.2018,1534.1,466.09,1858.4,856.7,2715.1
09.10.2018,1535.17,466.3,1862.5,861.2,2723.7
10.10.2018,1535.66,466.59,1864.6,863.6,2728.2
11.10.2018,1536.84,467.13,1868.6,864.2,2732.8
12.10.2018,1537.25,467.26,1869.9,865.4,2735.3
13.10.2018,1538.07,467.46,1871.2,865.7,2736.9
14.10.2018,1539.07,467.76,1875.8,867.2,2743
15.10.2018,1539.36,467.87,1877.2,867.5,2744.7
16.10.2018,1539.97,468.1,1879,868.7,2747.7
17.10.2018,1541.06,468.37,1882,869,2751
18.10.2018,1541.66,468.62,1884.4,872,2756.4
19.10.2018,1542.41,468.89,1888.3,872.3,2760.6
20.10.2018,1542.81,469.08,1890.6,873.9,2764.5
21.10.2018,1543.19,469.21,1891.9,874.2,2766.1
22.10.2018,1543.72,469.35,1897.7,875.4,2773.1
23.10.2018,1544.55,469.57,1899.5,875.7,2775.2
24.10.2018,1545.4,469.83,1903,877.1,2780.1
25.10.2018,1545.96,470.09,1905.3,878.1,2783.4
26.10.2018,1546.58,470.34,1908.5,878.8,2787.3
27.10.2018,1547.29,470.6,1911.3,879.9,2791.2
28.10.2018,1548.65,471.07,1913.3,881.9,2795.2
29.10.2018,1549.41,471.38,1916.8,882.3,2799.1
30.10.2018,1549.94,471.53,1918.1,884,2802.1
31.10.2018,1550.77,471.79,1920.4,884.4,2804.8
01.11.2018,1551.23,471.99,1921.9,885.9,2807.8
02.11.2018,1551.93,472.19,1923.5,886.3,2809.8
03.11.2018,1552.72,472.54,1929.6,887.9,2817.5
04.11.2018,1553.8,472.86,1930.9,889.1,2820
05.11.2018,1554.05,473.11,1933.7,890.5,2824.2
06.11.2018,1554.67,473.25,1935.6,892.1,2827.7
07.11.2018,1555.32,473.48,1938.2,892.8,2831
08.11.2018,1555.7,473.61,1939.5,894.5,2834
09.11.2018,1556.5,473.81,1942.05,895.35,2837.4
10.11.2018,1557.3,474,1944.6,896.2,2840.8
11.11.2018,1558.98,474.47,1947.3,898.1,2845.4
12.11.2018,1559.36,474.66,1948.1,900.4,2848.5
13.11.2018,1560.19,474.95,1950.6,901.9,2852.5
14.11.2018,1560.74,475.15,1952,902.2,2854.2
15.11.2018,1561.46,475.34,1954.85,903.15,2858
16.11.2018,1562.17,475.52,1957.7,904.1,2861.8
17.11.2018,1562.78,475.75,1960.8,905.7,2866.5
18.11.2018,1563.67,476.07,1964.4,906.1,2870.5
19.11.2018,1564.78,476.38,1968.9,907.6,2876.5
20.11.2018,1565.94,476.62,1970.6,909.3,2879.9
21.11.2018,1566.57,476.78,1972,909.7,2881.7
22.11.2018,1567.12,476.96,1973.4,911.3,2884.7
23.11.2018,1567.66,477.18,1974.9,912.4,2887.3
24.11.2018,1568.4,477.42,1976.4,912.8,2889.2
25.11.2018,1570.64,478.07,1980.8,914.3,2895.1
26.11.2018,1571.33,478.35,1983.2,914.7,2897.9
27.11.2018,1572.15,478.55,1985.8,916.3,2902.1
28.11.2018,1573,478.8,1988.4,916.8,2905.2
29.11.2018,1574.06,479.17,1991.1,919.1,2910.2
30.11.2018,1574.89,479.44,1994.2,920.3,2914.5
01.12.2018,1575.35,479.61,1995.5,922,2917.5
02.12.2018,1576.11,479.72,1996.7,922.4,2919.1
03.12.2018,1576.49,479.8,1997.6,922.7,2920.3
04.12.2018,1576.91,479.87,1999.7,924.6,2924.3
05.12.2018,1577.3,479.94,2000.8,925,2925.8
06.12.2018,1577.88,480.09,2004.3,925.3,2929.6
07.12.2018,1578.6,480.3,2006.52,926.34,2932.86
08.12.2018,1578.73,480.34,2007.06,927.22,2934.28
09.12.2018,1578.85,480.38,2007.6,928.1,2935.7
10.12.2018,1579.37,480.57,2010.7,930.4,2941.1
11.12.2018,1579.7,480.6,2011.3,930.7,2942
12.12.2018,1580.09,480.72,2013.1,931.2,2944.3
13.12.2018,1581.49,481.25,2018,931.6,2949.6
14.12.2018,1582.48,481.66,2024.3,932.7,2957
15.12.2018,1583.62,481.97,2029.3,933,2962.3
16.12.2018,1585,482.38,2032.5,933.3,2965.8
17.12.2018,1585.62,482.53,2033.9,934.9,2968.8
18.12.2018,1586.81,482.8,2036,935.4,2971.4
19.12.2018,1587.83,483.05,2039.8,937,2976.8
20.12.2018,1588.56,483.23,2043.3,937.4,2980.7
21.12.2018,1589.28,483.5,2047,938.4,2985.4
22.12.2018,1590.38,483.87,2050.1,940.4,2990.5
23.12.2018,1591.2,484.04,2053.1,940.7,2993.8
24.12.2018,1592.32,484.34,2058.5,941.9,3000.4
25.12.2018,1592.93,484.56,2062.9,942.2,3005.1
26.12.2018,1593.21,484.59,2063.79,942.56,3006.35
27.12.2018,1593.48,484.63,2064.68,942.93,3007.6
28.12.2018,1593.76,484.66,2065.56,943.29,3008.85
29.12.2018,1594.04,484.7,2066.45,943.65,3010.1
30.12.2018,1594.31,484.73,2067.34,944.01,3011.35
31.12.2018,1594.59,484.76,2068.23,944.38,3012.6
01.01.2019,1594.86,484.8,2069.11,944.74,3013.85
02.01.2019,1595.14,484.83,2070,945.1,3015.1
03.01.2019,1596.21,485.16,2072.55,946.95,3019.5
04.01.2019,1597.28,485.49,2075.1,948.8,3023.9
05.01.2019,1597.88,485.61,2077,949.5,3026.5
06.01.2019,1600.26,486.06,2082.6,950.1,3032.7
07.01.2019,1601.76,486.52,2088.7,950.5,3039.2
08.01.2019,1602.87,486.89,2093.6,952.1,3045.7
09.01.2019,1603.83,487.16,2097.6,953.3,3050.9
10.01.2019,1604.3,487.35,2100.4,954.4,3054.8
11.01.2019,1605.35,487.55,2103,954.8,3057.8
12.01.2019,1605.8,487.62,2104.13,955.57,3059.7
13.01.2019,1606.26,487.68,2105.27,956.33,3061.6
14.01.2019,1606.71,487.75,2106.4,957.1,3063.5
15.01.2019,1607.83,488.16,2110.3,959.6,3069.9
16.01.2019,1608.73,488.5,2116.1,960.2,3076.3
17.01.2019,1609.36,488.74,2118.3,960.6,3078.9
18.01.2019,1610.12,488.92,2124.5,962.3,3086.8
19.01.2019,1611.14,489.17,2127.3,962.9,3090.2
20.01.2019,1611.59,489.29,2129.9,963.2,3093.1
21.01.2019,1611.99,489.47,2132.4,964.9,3097.3
22.01.2019,1613.28,489.71,2135.9,966.5,3102.4
23.01.2019,1613.95,489.92,2138.8,967.1,3105.9
24.01.2019,1614.83,490.17,2140.8,968.7,3109.5
25.01.2019,1615.48,490.34,2143.9,969.1,3113
26.01.2019,1616.17,490.49,2147.3,970.7,3118
27.01.2019,1616.82,490.71,2149.9,972.8,3122.7
28.01.2019,1617.67,490.97,2152.2,973.9,3126.1
29.01.2019,1618.16,491.11,2153.4,975.6,3129
30.01.2019,1618.68,491.27,2156.1,977,3133.1
31.01.2019,1619.1,491.37,2157.2,977.3,3134.5
01.02.2019,1619.61,491.52,2159.1,979.5,3138.6
02.02.2019,1621.18,491.97,2163.2,980.7,3143.9
03.02.2019,1622.13,492.26,2166.1,981.9,3148
04.02.2019,1622.89,492.42,2168.9,982.2,3151.1
05.02.2019,1623.5,492.59,2171.4,983.8,3155.2
06.02.2019,1624.28,492.77,2173.9,984.2,3158.1
07.02.2019,1625.01,492.95,2176,985.15,3161.15
08.02.2019,1625.73,493.12,2178.1,986.1,3164.2
09.02.2019,1627.21,493.5,2183.2,986.4,3169.6
10.02.2019,1628.16,493.83,2191,986.9,3177.9
11.02.2019,1629.08,494.05,2193,987.4,3180.4
12.02.2019,1629.81,494.25,2195.1,989.6,3184.7
13.02.2019,1630.31,494.43,2198,990,3188
14.02.2019,1631.25,494.69,2200.1,990.3,3190.4
15.02.2019,1632.07,494.96,2204.65,991.4,3196.05
16.02.2019,1632.89,495.23,2209.2,992.5,3201.7
17.02.2019,1633.46,495.42,2211.25,992.8,3204.05
18.02.2019,1634.03,495.61,2213.3,993.1,3206.4
19.02.2019,1634.72,495.81,2214.8,994.7,3209.5
20.02.2019,1635.5,496.08,2217.8,996.3,3214.1
21.02.2019,1636.15,496.26,2219.4,996.6,3216
22.02.2019,1636.79,496.52,2222.3,998.1,3220.4
23.02.2019,1638.21,496.95,2225.9,999.6,3225.5
24.02.2019,1639.98,497.43,2228.9,1001.2,3230.1
25.02.2019,1640.66,497.7,2233.8,1002.8,3236.6
26.02.2019,1640.98,497.8,2235.2,1003,3238.2
27.02.2019,1641.69,498,2238,1004.5,3242.5
28.02.2019,1642.41,498.21,2239.6,1006.1,3245.7
01.03.2019,1643.33,498.45,2241.65,1007.1,3248.75
02.03.2019,1644.25,498.68,2243.7,1008.1,3251.8
03.03.2019,1645.26,498.88,2245.3,1008.3,3253.6
04.03.2019,1645.85,499.13,2246.5,1010.5,3257
05.03.2019,1646.83,499.41,2249,1011.6,3260.6
06.03.2019,1647.78,499.71,2251.5,1014,3265.5
07.03.2019,1648.24,499.89,2253.1,1014.9,3268
08.03.2019,1648.86,500.03,2255.2,1016.5,3271.7
09.03.2019,1649.38,500.24,2258.8,1016.9,3275.7
10.03.2019,1649.91,500.4,2260.3,1018.5,3278.8
11.03.2019,1651.1,500.73,2263.5,1018.9,3282.4
12.03.2019,1651.68,500.93,2266.1,1020.6,3286.7
13.03.2019,1652.92,501.18,2268.2,1020.8,3289
14.03.2019,1653.63,501.38,2270.3,1022.4,3292.7
15.03.2019,1655.01,501.67,2273,1023,3296
16.03.2019,1656.27,501.96,2277.4,1024.6,3302
17.03.2019,1656.71,502.18,2280.5,1026.3,3306.8
18.03.2019,1657.17,502.38,2281.6,1027.4,3309
19.03.2019,1657.72,502.58,2283,1028.4,3311.4
20.03.2019,1658.6,502.87,2284,1030.7,3314.7
21.03.2019,1659.52,503.05,2286.4,1032.2,3318.6
22.03.2019,1660.02,503.25,2288.8,1034.1,3322.9
23.03.2019,1660.64,503.42,2291.8,1035.7,3327.5
24.03.2019,1661.29,503.55,2293,1036,3329
25.03.2019,1661.93,503.68,2294.2,1036.3,3330.5
26.03.2019,1663.04,504.02,2296.6,1038,3334.6
27.03.2019,1663.78,504.17,2298,1038.3,3336.3
28.03.2019,1664.28,504.33,2299.3,1039.9,3339.2
29.03.2019,1665.93,504.72,2302.5,1040.5,3343
30.03.2019,1666.18,504.74,2303.37,1040.8,3344.17
31.03.2019,1666.43,504.77,2304.23,1041.1,3345.33
01.04.2019,1666.68,504.79,2305.1,1041.4,3346.5
02.04.2019,1667.4,505.06,2308.4,1042.6,3351
03.04.2019,1668.75,505.46,2311.3,1044.8,3356.1
04.04.2019,1670.6,505.8,2313.9,1045.1,3359
05.04.2019,1670.99,506,2315.1,1046.7,3361.8
06.04.2019,1671.55,506.24,2316.4,1048.9,3365.3
07.04.2019,1672.48,506.61,2317.9,1051.4,3369.3
08.04.2019,1673.81,507.06,2320.2,1054.7,3374.9
09.04.2019,1674.94,507.32,2321.9,1055.9,3377.8
10.04.2019,1676.29,507.66,2322.75,1058.2,3380.95
11.04.2019,1677.64,508,2323.6,1060.5,3384.1
12.04.2019,1678.34,508.12,2328.1,1060.8,3388.9
13.04.2019,1679.33,508.37,2330.2,1063.1,3393.3
14.04.2019,1680.71,508.73,2331.5,1064.8,3396.3
15.04.2019,1681.85,509.66,2332.3,1065.9,3398.2
16.04.2019,1682.33,509.17,2334.2,1066.2,3400.4
17.04.2019,1682.73,509.32,2337.3,1067.7,3405
18.04.2019,1683.86,509.63,2340.4,1068.5,3408.9
19.04.2019,1684.94,509.86,2343.4,1070.1,3413.5
20.04.2019,1686.09,510.14,2344.9,1070.4,3415.3
21.04.2019,1688.92,510.36,2347.9,1070.7,3418.6
22.04.2019,1687.09,510.42,2348.6,1072.2,3420.8
23.04.2019,1687.56,510.67,2351.5,1073.3,3424.8
